Genome ID,Species,pathovar,Number of IMEs,Number of ICEs,Number of conjugative plasmids,Number of mobilizable plasmids,Number of plasmids
GCA_000007145.1,Xanthomonas campestris,pv. campestris,1,0,0,0,0
GCA_000012105.1,Xanthomonas campestris,pv. campestris,0,0,0,0,0
GCA_000070605.1,Xanthomonas campestris,pv. campestris,4,1,0,0,0
GCA_000221965.1,Xanthomonas campestris,pv. raphani,1,0,0,0,0
GCA_000401735.2,Xanthomonas campestris,pv. campestris,2,0,1,0,1
GCA_000403575.2,Xanthomonas campestris,pv. campestris,2,0,1,0,1
GCA_001186415.1,Xanthomonas campestris,pv. campestris,0,0,0,0,0
GCA_001186465.1,Xanthomonas campestris,pv. campestris,0,0,0,0,0
GCA_002776715.1,Xanthomonas campestris,pv. campestris,1,1,0,0,0
GCA_002776735.1,Xanthomonas campestris,pv. campestris,2,1,1,0,1
GCA_002776775.1,Xanthomonas campestris,pv. campestris,2,0,0,0,0
GCA_002776835.1,Xanthomonas campestris,pv. campestris,2,0,1,0,1
GCA_002879955.1,Xanthomonas campestris,pv. campestris,4,1,0,0,0
GCA_009177325.1,Xanthomonas campestris,pv. campestris,1,0,1,0,1
GCA_009177345.1,Xanthomonas campestris,pv. campestris,3,0,0,0,0
GCA_013388375.1,Xanthomonas campestris,pv. raphani,1,0,0,0,0
GCA_014841015.1,Xanthomonas campestris,pv. campestris,3,0,0,0,0
GCA_020008105.1,Xanthomonas campestris,pv. incanae,1,0,0,0,0
GCA_020813315.3,Xanthomonas campestris,pv. barbareae,1,0,0,0,0
GCA_021459985.1,Xanthomonas campestris,pv. campestris,5,1,0,0,0
GCA_021777195.1,Xanthomonas campestris,pv. campestris,0,0,0,0,0
GCA_021777455.1,Xanthomonas campestris,pv. campestris,4,0,0,0,0
GCA_023206795.1,Xanthomonas campestris,pv. campestris,1,0,0,0,0
GCA_024298585.1,Xanthomonas campestris,pv. campestris,2,0,0,0,0
GCA_024298605.1,Xanthomonas campestris,pv. campestris,0,0,0,0,0
GCA_024298625.1,Xanthomonas campestris,pv. campestris,1,1,1,0,1
GCA_024298645.1,Xanthomonas campestris,pv. campestris,0,0,1,0,1
GCA_024298665.1,Xanthomonas campestris,pv. campestris,1,0,0,0,0
GCA_024298685.1,Xanthomonas campestris,pv. campestris,0,0,0,0,0
GCA_025853835.1,Xanthomonas campestris,pv. campestris,2,0,1,0,1
GCA_028749545.1,Xanthomonas campestris,pv. campestris,2,0,1,0,1
GCA_028749565.1,Xanthomonas campestris,pv. raphani,1,0,0,0,0
GCA_028749585.1,Xanthomonas campestris,,1,0,0,0,0
GCA_028749605.1,Xanthomonas campestris,pv. incanae,2,0,1,0,1
GCA_028749625.1,Xanthomonas campestris,pv. barbareae,1,0,0,0,0
GCA_028749645.1,Xanthomonas campestris,pv. incanae,1,0,0,0,0
GCA_028749665.1,Xanthomonas campestris,pv. raphani,0,0,1,0,1
GCA_028749685.1,Xanthomonas campestris,pv. raphani,1,0,0,0,0
GCA_028749705.1,Xanthomonas campestris,pv. campestris,3,0,0,0,0
GCA_028749725.1,Xanthomonas campestris,pv. raphani,0,1,0,0,0
GCA_028749745.1,Xanthomonas campestris,pv. raphani,1,0,0,0,0
GCA_028749765.1,Xanthomonas campestris,pv. campestris,4,0,0,0,0
GCA_028749785.1,Xanthomonas campestris,pv. campestris,1,1,1,0,1
GCA_028749805.1,Xanthomonas campestris,pv. campestris,2,0,0,0,0
GCA_028749825.1,Xanthomonas campestris,pv. campestris,2,0,1,0,1
GCA_028749845.1,Xanthomonas campestris,pv. campestris,4,0,0,0,0
GCA_028749865.1,Xanthomonas campestris,pv. campestris,3,0,0,0,0
GCA_028749885.1,Xanthomonas campestris,pv. campestris,3,1,0,0,0
GCA_028749905.1,Xanthomonas campestris,pv. campestris,1,0,1,0,1
GCA_028749925.1,Xanthomonas campestris,pv. campestris,3,0,0,0,0
GCA_028749945.1,Xanthomonas campestris,pv. campestris,3,0,0,0,0
GCA_028750015.1,Xanthomonas campestris,pv. campestris,4,0,1,0,1
GCA_028750035.1,Xanthomonas campestris,pv. campestris,1,1,0,0,0
GCA_028750055.1,Xanthomonas campestris,pv. incanae,2,0,1,0,1
GCA_028750075.1,Xanthomonas campestris,pv. barbareae,0,1,0,0,0
GCA_028750095.1,Xanthomonas campestris,pv. incanae,2,0,1,0,1
GCA_028750115.1,Xanthomonas campestris,pv. incanae,3,0,1,0,1
GCA_028750135.1,Xanthomonas campestris,pv. barbareae,1,0,2,0,2
GCA_028750155.1,Xanthomonas campestris,pv. campestris,0,0,1,0,1
GCA_028750275.1,Xanthomonas campestris,pv. incanae,3,0,0,0,0
GCA_028750335.1,Xanthomonas campestris,pv. barbareae,1,0,0,0,0
GCA_028750355.1,Xanthomonas campestris,pv. campestris,2,0,1,0,1
GCA_028750375.1,Xanthomonas campestris,pv. campestris,2,1,1,0,1
GCA_028750395.1,Xanthomonas campestris,pv. campestris,2,0,1,0,1
GCA_028750415.1,Xanthomonas campestris,pv. campestris,1,0,0,0,0
GCA_028750435.1,Xanthomonas campestris,pv. campestris,3,1,0,0,0
GCA_028750455.1,Xanthomonas campestris,pv. campestris,3,1,0,0,0
GCA_028750515.1,Xanthomonas campestris,pv. campestris,1,0,0,0,0
GCA_028750535.1,Xanthomonas campestris,pv. campestris,1,0,0,0,0
GCA_028750555.1,Xanthomonas campestris,pv. campestris,1,0,0,0,0
GCA_028750575.1,Xanthomonas campestris,pv. campestris,1,0,0,0,0
GCA_028750595.1,Xanthomonas campestris,pv. campestris,1,0,0,0,0
GCA_028750615.1,Xanthomonas campestris,pv. campestris,2,1,1,0,1
GCA_028750635.1,Xanthomonas campestris,pv. campestris,2,1,0,0,0
GCA_028750655.1,Xanthomonas campestris,pv. campestris,2,1,1,0,1
GCA_028751215.1,Xanthomonas campestris,pv. campestris,2,0,0,0,0
GCA_028751235.1,Xanthomonas campestris,pv. campestris,2,0,0,0,0
GCA_028751255.1,Xanthomonas campestris,pv. campestris,2,0,0,0,0
GCA_028751275.1,Xanthomonas campestris,pv. campestris,2,0,0,0,0
GCA_028751295.1,Xanthomonas campestris,pv. campestris,2,0,0,0,0
GCA_028751315.1,Xanthomonas campestris,pv. campestris,1,0,1,0,1
GCA_028751335.1,Xanthomonas campestris,pv. campestris,1,0,0,0,0
GCA_028751355.1,Xanthomonas campestris,pv. campestris,1,0,0,0,0
GCA_028751375.1,Xanthomonas campestris,pv. campestris,2,0,1,0,1
GCA_028751395.1,Xanthomonas campestris,pv. campestris,0,0,0,0,0
GCA_028751435.1,Xanthomonas campestris,pv. campestris,2,0,0,0,0
GCA_028751465.1,Xanthomonas campestris,pv. campestris,3,1,0,0,0
GCA_028751505.1,Xanthomonas campestris,pv. campestris,3,0,0,0,0
GCA_030053615.1,Xanthomonas campestris,pv. campestris,2,1,0,0,0
GCA_030053635.1,Xanthomonas campestris,pv. campestris,2,0,0,0,0
GCA_030062415.1,Xanthomonas campestris,pv. campestris,4,1,0,0,0
GCA_030062435.1,Xanthomonas campestris,pv. campestris,5,1,1,0,1
GCA_030062465.1,Xanthomonas campestris,pv. campestris,5,1,0,0,0
GCA_030062515.1,Xanthomonas campestris,pv. campestris,5,0,0,0,0
GCA_030848325.1,Xanthomonas campestris,pv. campestris,5,1,0,0,0
GCA_035025505.3,Xanthomonas campestris,pv. campestris,3,0,0,0,0
GCA_035025885.2,Xanthomonas campestris,pv. campestris,2,0,0,0,0
GCA_035027565.3,Xanthomonas campestris,pv. campestris,3,1,0,0,0
GCA_035027605.3,Xanthomonas campestris,pv. campestris,4,1,0,0,0
GCA_035059395.2,Xanthomonas campestris,pv. campestris,1,0,0,0,0
GCA_035059585.2,Xanthomonas campestris,pv. campestris,5,1,1,0,1
GCA_040193835.2,Xanthomonas campestris,,0,0,0,0,0
GCA_040194035.2,Xanthomonas campestris,pv. campestris,1,0,0,0,0
GCA_040194315.2,Xanthomonas campestris,pv. campestris,2,0,0,0,0
GCA_040194335.2,Xanthomonas campestris,pv. campestris,1,0,0,0,0
GCA_040194535.2,Xanthomonas campestris,,2,0,0,0,0
GCA_040194615.2,Xanthomonas campestris,pv. campestris,4,1,0,0,0
GCA_040194835.2,Xanthomonas campestris,pv. incanae,2,0,1,0,1
GCA_041475695.1,Xanthomonas campestris,,3,0,0,0,0
GCA_041475775.1,Xanthomonas campestris,pv. campestris,4,0,0,0,0
GCA_041889105.1,Xanthomonas campestris,pv. campestris,3,0,0,0,0
GCA_045688885.1,Xanthomonas campestris,pv. raphani,0,0,0,0,0
GCA_045688895.1,Xanthomonas campestris,pv. raphani,0,0,0,0,0
GCA_045688925.1,Xanthomonas campestris,pv. campestris,0,0,0,0,0
GCA_045688945.1,Xanthomonas campestris,pv. campestris,0,0,0,0,0
GCA_045688965.1,Xanthomonas campestris,pv. campestris,0,0,0,0,0
GCA_045707235.1,Xanthomonas campestris,pv. raphani,1,1,0,0,0
GCA_045707245.1,Xanthomonas campestris,pv. raphani,1,0,0,0,0
GCA_045707255.1,Xanthomonas campestris,pv. campestris,3,1,0,0,0
GCA_045708065.1,Xanthomonas campestris,pv. raphani,1,0,0,0,0
GCA_045708075.1,Xanthomonas campestris,pv. raphani,1,0,0,0,0
GCA_045708145.1,Xanthomonas campestris,,2,0,0,0,0
GCA_045708995.1,Xanthomonas campestris,pv. raphani,0,0,0,0,0
GCA_045709045.1,Xanthomonas campestris,pv. campestris,3,0,0,0,0
GCA_045709075.1,Xanthomonas campestris,pv. campestris,0,0,0,0,0
GCA_045709785.1,Xanthomonas campestris,pv. campestris,1,1,0,0,0
GCA_045709795.1,Xanthomonas campestris,pv. campestris,0,0,0,0,0
GCA_045709885.1,Xanthomonas campestris,pv. campestris,3,0,0,0,0
GCA_045710605.1,Xanthomonas campestris,pv. raphani,0,0,0,0,0
GCA_045710645.1,Xanthomonas campestris,pv. campestris,2,1,0,0,0
GCA_045710655.1,Xanthomonas campestris,pv. raphani,1,0,0,0,0
GCA_045711285.1,Xanthomonas campestris,pv. campestris,0,0,1,0,1
GCA_045711305.1,Xanthomonas campestris,pv. campestris,1,0,0,0,0
GCA_045711325.1,Xanthomonas campestris,pv. campestris,4,1,0,0,0
GCA_045711565.1,Xanthomonas campestris,pv. campestris,5,1,0,0,0
GCA_045711605.1,Xanthomonas campestris,pv. campestris,4,1,0,0,0
GCA_045711635.1,Xanthomonas campestris,pv. campestris,2,1,0,0,0
GCA_045712945.1,Xanthomonas campestris,pv. campestris,0,0,0,0,0
GCA_045712955.1,Xanthomonas campestris,pv. campestris,3,0,0,0,0
GCA_045712965.1,Xanthomonas campestris,pv. campestris,1,1,0,0,0
GCA_045713235.1,Xanthomonas campestris,pv. raphani,0,0,0,0,0
GCA_045713245.1,Xanthomonas campestris,pv. raphani,0,0,0,0,0
GCA_045713335.1,Xanthomonas campestris,pv. campestris,5,1,0,0,0
GCA_045714245.1,Xanthomonas campestris,pv. raphani,0,0,0,0,0
GCA_045714255.1,Xanthomonas campestris,pv. campestris,5,1,0,0,0
GCA_045714365.1,Xanthomonas campestris,pv. raphani,0,0,0,0,0
GCA_045714975.1,Xanthomonas campestris,pv. raphani,1,0,0,0,0
GCA_045714985.1,Xanthomonas campestris,pv. raphani,1,0,0,0,0
GCA_045714995.1,Xanthomonas campestris,pv. raphani,1,0,0,0,0
GCA_045715765.1,Xanthomonas campestris,pv. raphani,2,0,0,0,0
GCA_045715775.1,Xanthomonas campestris,pv. raphani,2,0,0,0,0
GCA_045715785.1,Xanthomonas campestris,pv. raphani,1,1,0,0,0
GCA_045716495.1,Xanthomonas campestris,pv. raphani,2,0,0,0,0
GCA_045716505.1,Xanthomonas campestris,pv. raphani,1,0,0,0,0
GCA_045716515.1,Xanthomonas campestris,pv. raphani,1,0,0,0,0
GCA_045717245.1,Xanthomonas campestris,pv. raphani,0,0,0,0,0
GCA_045717255.1,Xanthomonas campestris,pv. raphani,1,0,0,0,0
GCA_045717265.1,Xanthomonas campestris,pv. raphani,2,0,0,0,0
GCA_045717875.1,Xanthomonas campestris,pv. raphani,2,0,0,0,0
GCA_045717885.1,Xanthomonas campestris,pv. campestris,0,0,0,0,0
GCA_045717895.1,Xanthomonas campestris,pv. raphani,1,0,0,0,0
GCA_045718505.1,Xanthomonas campestris,pv. raphani,0,0,0,0,0
GCA_045718515.1,Xanthomonas campestris,pv. raphani,0,0,0,0,0
GCA_045718525.1,Xanthomonas campestris,pv. raphani,1,0,0,0,0
GCA_045719095.1,Xanthomonas campestris,pv. raphani,1,0,0,0,0
GCA_045719105.1,Xanthomonas campestris,pv. raphani,1,0,0,0,0
GCA_045719115.1,Xanthomonas campestris,pv. raphani,0,1,0,0,0
GCA_045719825.1,Xanthomonas campestris,pv. raphani,1,0,0,0,0
GCA_045719835.1,Xanthomonas campestris,pv. campestris,2,0,0,0,0
GCA_045719845.1,Xanthomonas campestris,pv. campestris,5,1,0,0,0
GCA_045720275.1,Xanthomonas campestris,pv. raphani,2,0,0,0,0
GCA_045720285.1,Xanthomonas campestris,pv. raphani,0,0,0,0,0
GCA_045720295.1,Xanthomonas campestris,pv. campestris,0,0,0,0,0
GCA_045720785.1,Xanthomonas campestris,pv. campestris,2,0,0,0,0
GCA_045720795.1,Xanthomonas campestris,pv. raphani,1,0,0,0,0
GCA_045720805.1,Xanthomonas campestris,pv. raphani,2,0,0,0,0
GCA_045721555.1,Xanthomonas campestris,pv. campestris,1,1,0,0,0
GCA_045721565.1,Xanthomonas campestris,pv. campestris,4,1,0,0,0
GCA_045721575.1,Xanthomonas campestris,pv. campestris,2,0,0,0,0
GCA_045721965.1,Xanthomonas campestris,pv. campestris,1,0,0,0,0
GCA_045721975.1,Xanthomonas campestris,pv. campestris,0,0,0,0,0
GCA_045721985.1,Xanthomonas campestris,pv. campestris,4,1,0,0,0
GCA_045722715.1,Xanthomonas campestris,pv. campestris,0,0,0,0,0
GCA_045722725.1,Xanthomonas campestris,pv. campestris,4,1,0,0,0
GCA_045722735.1,Xanthomonas campestris,pv. campestris,1,0,0,0,0
GCA_045723185.1,Xanthomonas campestris,pv. campestris,0,0,0,0,0
GCA_045723195.1,Xanthomonas campestris,pv. campestris,0,0,0,0,0
GCA_045723205.1,Xanthomonas campestris,pv. campestris,6,1,0,0,0
GCA_045723815.1,Xanthomonas campestris,pv. campestris,2,0,0,0,0
GCA_045723825.1,Xanthomonas campestris,pv. campestris,1,1,0,0,0
GCA_045723835.1,Xanthomonas campestris,pv. campestris,4,1,0,0,0
GCA_045724465.1,Xanthomonas campestris,pv. raphani,2,0,0,0,0
GCA_045724475.1,Xanthomonas campestris,pv. raphani,1,0,0,0,0
GCA_045724485.1,Xanthomonas campestris,pv. campestris,5,1,0,0,0
GCA_045725015.1,Xanthomonas campestris,pv. campestris,0,0,0,0,0
GCA_045725025.1,Xanthomonas campestris,pv. campestris,1,1,0,0,0
GCA_045725035.1,Xanthomonas campestris,pv. campestris,3,0,0,0,0
GCA_045725265.1,Xanthomonas campestris,pv. campestris,2,0,0,0,0
GCA_045725275.1,Xanthomonas campestris,pv. campestris,1,0,0,0,0
GCA_045725285.1,Xanthomonas campestris,pv. campestris,4,1,0,0,0
GCA_045726115.1,Xanthomonas campestris,pv. campestris,2,0,1,0,1
GCA_045726125.1,Xanthomonas campestris,pv. raphani,0,1,0,0,0
GCA_045726135.1,Xanthomonas campestris,pv. raphani,1,0,0,0,0
GCA_045726785.1,Xanthomonas campestris,pv. raphani,1,0,0,0,0
GCA_045726795.1,Xanthomonas campestris,,1,0,0,0,0
GCA_000007165.1_ASM716v1,Xanthomonas cissicola,citri A,3,1,1,0,1
GCA_000348585.1_ASM34858v1,Xanthomonas cissicola,citri A,3,1,2,0,2
GCA_000349225.1_ASM34922v1,Xanthomonas cissicola,citri AwA,3,2,0,2,2
GCA_000723725.2_ASM72372v2,Xanthomonas cissicola,,4,0,0,1,1
GCA_000816885.1_ASM81688v1,Xanthomonas cissicola,citri A,3,1,1,0,1
GCA_000961155.1_ASM96115v1,Xanthomonas cissicola,citri A,3,1,1,0,1
GCA_000961175.1_ASM96117v1,Xanthomonas cissicola,citri A,3,1,1,0,1
GCA_000961195.1_ASM96119v1,Xanthomonas cissicola,citri A,3,1,1,0,1
GCA_000961215.1_ASM96121v1,Xanthomonas cissicola,citri A,3,1,1,0,1
GCA_000961235.1_ASM96123v1,Xanthomonas cissicola,citri A,3,1,1,0,1
GCA_000961255.1_ASM96125v1,Xanthomonas cissicola,citri A,3,1,1,0,1
GCA_000961275.1_ASM96127v1,Xanthomonas cissicola,citri A,3,1,1,0,1
GCA_000961295.1_ASM96129v1,Xanthomonas cissicola,citri A,3,1,1,0,1
GCA_000961315.1_ASM96131v1,Xanthomonas cissicola,citri A,3,1,1,0,1
GCA_000961335.1_ASM96133v1,Xanthomonas cissicola,citri A,3,1,1,0,1
GCA_000961355.1_ASM96135v1,Xanthomonas cissicola,citri A,3,1,1,0,1
GCA_000961375.1_ASM96137v1,Xanthomonas cissicola,citri A,3,1,1,0,1
GCA_000961395.1_ASM96139v1,Xanthomonas cissicola,citri A,3,1,1,0,1
GCA_000961415.1_ASM96141v1,Xanthomonas cissicola,citri A,3,1,1,0,1
GCA_000961435.1_ASM96143v1,Xanthomonas cissicola,citri AwA,3,2,0,2,2
GCA_000961455.1_ASM96145v1,Xanthomonas cissicola,citri AwA,2,1,0,2,2
GCA_000961475.1_ASM96147v1,Xanthomonas cissicola,citri AwA,3,2,0,2,2
GCA_000961495.1_ASM96149v1,Xanthomonas cissicola,citri AwA,3,2,0,2,2
GCA_000969685.1_ASM96968v1,Xanthomonas cissicola,"fuscans, lineage fuscans",2,0,0,3,3
GCA_001028285.3_ASM102828v3,Xanthomonas cissicola,citri A,3,1,1,0,1
GCA_001610795.1_ASM161079v1,Xanthomonas cissicola,aurantifolii XauA,1,0,1,1,2
GCA_001610815.1_ASM161081v1,Xanthomonas cissicola,aurantifolii XauA,0,0,3,0,3
GCA_001610915.1_ASM161091v1,Xanthomonas cissicola,aurantifolii XauB,2,1,0,0,0
GCA_001719145.1_ASM171914v1,Xanthomonas cissicola,malvacearum,2,0,0,2,2
GCA_001854145.2_ASM185414v2,Xanthomonas cissicola,glycines,2,1,0,1,1
GCA_001922045.1_ASM192204v1,Xanthomonas cissicola,citri A,3,1,2,0,2
GCA_001922065.1_ASM192206v1,Xanthomonas cissicola,citri A,3,1,3,0,3
GCA_001922085.1_ASM192208v1,Xanthomonas cissicola,citri A,3,1,3,0,3
GCA_001922105.1_ASM192210v1,Xanthomonas cissicola,citri A,3,1,2,0,2
GCA_002019265.2_ASM201926v2,Xanthomonas cissicola,citri,2,1,3,0,3
GCA_002019395.2_ASM201939v2,Xanthomonas cissicola,mangiferaeindicae,1,1,2,0,2
GCA_002079965.1_ASM207996v1,Xanthomonas cissicola,aurantifolii XauB,2,1,0,0,0
GCA_002139955.1_ASM213995v1,Xanthomonas cissicola,citri AwA,1,2,1,1,2
GCA_002139975.1_ASM213997v1,Xanthomonas cissicola,citri AwA,3,1,1,0,1
GCA_002139995.1_ASM213999v1,Xanthomonas cissicola,citri AwA,3,1,1,0,1
GCA_002163775.1_ASM216377v1,Xanthomonas cissicola,glycines,3,1,1,0,1
GCA_002218245.1_ASM221824v1,Xanthomonas cissicola,,3,1,2,0,2
GCA_002218265.1_ASM221826v1,Xanthomonas cissicola,,1,0,0,2,2
GCA_002218285.1_ASM221828v1,Xanthomonas cissicola,,0,0,0,0,0
GCA_002224525.1_ASM222452v1,Xanthomonas cissicola,malvacearum,1,1,0,1,1
GCA_002224545.1_ASM222454v1,Xanthomonas cissicola,malvacearum,2,1,0,0,0
GCA_002288565.1_ASM228856v1,Xanthomonas cissicola,malvacearum,2,1,0,1,1
GCA_002288585.1_ASM228858v1,Xanthomonas cissicola,malvacearum,2,0,0,2,2
GCA_002759175.2_ASM275917v2,Xanthomonas cissicola,"fuscans, lineage GL3",1,0,1,0,1
GCA_002759195.2_ASM275919v2,Xanthomonas cissicola,"fuscans, lineage GL3",1,0,1,0,1
GCA_002759215.3_ASM275921v3,Xanthomonas cissicola,"fuscans, lineage fuscans",0,0,1,0,1
GCA_002759235.2_ASM275923v2,Xanthomonas cissicola,"fuscans, lineage fuscans",1,0,0,3,3
GCA_002759255.3_ASM275925v3,Xanthomonas cissicola,"fuscans, lineage fuscans",1,0,1,2,3
GCA_002759275.2_ASM275927v2,Xanthomonas cissicola,"fuscans, lineage GL2",1,0,1,0,1
GCA_002759295.2_ASM275929v2,Xanthomonas cissicola,"fuscans, lineage GL2",1,0,1,0,1
GCA_002759315.2_ASM275931v2,Xanthomonas cissicola,"fuscans, lineage GL2",1,0,1,0,1
GCA_002759335.2_ASM275933v2,Xanthomonas cissicola,"fuscans, lineage GL3",2,1,1,0,1
GCA_002759355.2_ASM275935v2,Xanthomonas cissicola,"fuscans, lineage fuscans",2,0,1,2,3
GCA_002759375.2_ASM275937v2,Xanthomonas cissicola,"fuscans, lineage fuscans",2,1,1,1,2
GCA_002759395.2_ASM275939v2,Xanthomonas cissicola,"fuscans, lineage GL2",1,0,1,0,1
GCA_002759415.2_ASM275941v2,Xanthomonas cissicola,"fuscans, lineage fuscans",0,0,2,1,3
GCA_002952295.1_ASM295229v1,Xanthomonas cissicola,citri A,3,1,2,0,2
GCA_003665455.1_ASM366545v1,Xanthomonas cissicola,citri A,3,1,0,0,0
GCA_003665475.1_ASM366547v1,Xanthomonas cissicola,citri A,3,1,2,0,2
GCA_003999485.1_ASM399948v1,Xanthomonas cissicola,"fuscans, lineage fuscans",0,1,0,1,1
GCA_003999505.1_ASM399950v1,Xanthomonas cissicola,"fuscans, lineage fuscans",0,1,0,1,1
GCA_004000475.1_ASM400047v1,Xanthomonas cissicola,"fuscans, lineage fuscans",0,1,0,1,1
GCA_006228425.1_ASM622842v1,Xanthomonas cissicola,punicae,0,0,1,0,1
GCA_006228445.1_ASM622844v1,Xanthomonas cissicola,punicae,1,0,0,0,0
GCA_006228465.1_ASM622846v1,Xanthomonas cissicola,punicae,0,0,1,0,1
GCA_006228485.1_ASM622848v1,Xanthomonas cissicola,punicae,0,0,2,0,2
GCA_006228505.1_ASM622850v1,Xanthomonas cissicola,punicae,0,0,0,0,0
GCA_006228525.1_ASM622852v1,Xanthomonas cissicola,punicae,0,0,1,0,1
GCA_006228545.1_ASM622854v1,Xanthomonas cissicola,punicae,0,0,1,0,1
GCA_007567665.1_ASM756766v1,Xanthomonas cissicola,glycines,2,1,0,1,1
GCA_007723825.1_ASM772382v1,Xanthomonas cissicola,glycines,2,0,1,0,1
GCA_007724025.1_ASM772402v1,Xanthomonas cissicola,glycines,2,0,0,1,1
GCA_007724385.1_ASM772438v1,Xanthomonas cissicola,glycines,2,0,0,1,1
GCA_008593565.1_ASM859356v1,Xanthomonas cissicola,glycines,2,1,0,1,1
GCA_009671025.1_ASM967102v1,Xanthomonas cissicola,malvacearum,3,1,0,1,1
GCA_015224665.2_ASM1522466v2,Xanthomonas cissicola,citri A,3,1,3,0,3
GCA_015243835.1_ASM1524383v1,Xanthomonas cissicola,,2,1,0,0,0
GCA_016495605.1_ASM1649560v1,Xanthomonas cissicola,,2,1,0,0,0
GCA_016801615.1_ASM1680161v1,Xanthomonas cissicola,citri,2,1,3,1,4
GCA_016801635.1_ASM1680163v1,Xanthomonas cissicola,citri,2,1,3,1,4
GCA_016801655.1_ASM1680165v1,Xanthomonas cissicola,citri,2,2,1,3,4
GCA_016801675.1_ASM1680167v1,Xanthomonas cissicola,citri,2,2,1,3,4
GCA_016801695.1_ASM1680169v1,Xanthomonas cissicola,citri,2,2,2,3,5
GCA_016801715.1_ASM1680171v1,Xanthomonas cissicola,citri,2,2,0,1,1
GCA_017723855.1_ASM1772385v1,Xanthomonas cissicola,glycines,2,0,0,1,1
GCA_017723895.1_ASM1772389v1,Xanthomonas cissicola,glycines,3,1,1,1,2
GCA_017742815.1_ASM1774281v1,Xanthomonas cissicola,"fuscans, lineage fuscans",0,0,1,0,1
GCA_018831285.1_ASM1883128v1,Xanthomonas cissicola,"fuscans, lineage fuscans",1,0,0,1,1
GCA_018831325.1_ASM1883132v1,Xanthomonas cissicola,"fuscans, lineage fuscans",3,0,0,2,2
GCA_018831345.1_ASM1883134v1,Xanthomonas cissicola,"fuscans, lineage GL3",2,1,1,0,1
GCA_018831365.1_ASM1883136v1,Xanthomonas cissicola,"fuscans, lineage GL2",1,0,1,0,1
GCA_018831385.1_ASM1883138v1,Xanthomonas cissicola,"fuscans, lineage fuscans",2,0,0,1,1
GCA_019076985.1_ASM1907698v1,Xanthomonas cissicola,citri A,3,1,3,0,3
GCA_019434315.1_ASM1943431v1,Xanthomonas cissicola,citri A,3,1,1,0,1
GCA_019434335.1_ASM1943433v1,Xanthomonas cissicola,citri A,3,1,1,0,1
GCA_019434355.1_ASM1943435v1,Xanthomonas cissicola,citri A,3,1,2,0,2
GCA_020525465.1_ASM2052546v1,Xanthomonas cissicola,mangiferaeindicae,1,0,0,0,0
GCA_020544545.1_ASM2054454v1,Xanthomonas cissicola,mangiferaeindicae,1,0,2,0,2
GCA_021474205.1_ASM2147420v1,Xanthomonas cissicola,glycines,2,0,0,1,1
GCA_023205075.1_ASM2320507v1,Xanthomonas cissicola,citri A,3,1,1,0,1
GCA_025987645.1_ASM2598764v1,Xanthomonas cissicola,"fuscans, lineage GL2",1,0,0,1,1
GCA_025987665.1_ASM2598766v1,Xanthomonas cissicola,"fuscans, lineage GL2",1,0,2,0,2
GCA_025987705.1_ASM2598770v1,Xanthomonas cissicola,"fuscans, lineage GL2",1,0,1,0,1
GCA_027186285.1_ASM2718628v1,Xanthomonas cissicola,malvacearum,3,1,0,2,2
GCA_027186305.1_ASM2718630v1,Xanthomonas cissicola,malvacearum,4,0,0,1,1
GCA_027186325.1_ASM2718632v1,Xanthomonas cissicola,malvacearum,2,1,1,1,2
GCA_030582195.1_ASM3058219v1,Xanthomonas cissicola,glycines,2,1,0,1,1
GCA_030582375.1_ASM3058237v1,Xanthomonas cissicola,glycines,3,0,0,1,1
GCA_040142795.1_CCRMTAQ13.2.0,Xanthomonas cissicola,,0,0,0,0,0
GCA_040202415.2_ASM4020241v2,Xanthomonas cissicola,"fuscans, lineage fuscans",2,0,0,1,1
GCA_040202935.2_ASM4020293v2,Xanthomonas cissicola,malvacearum,3,1,1,1,2
GCA_040202945.2_ASM4020294v2,Xanthomonas cissicola,,1,0,0,2,2
GCA_040202995.2_NCPPB381v2_ONT,Xanthomonas cissicola,"fuscans, lineage fuscans",0,0,1,0,1
GCA_040284385.1_ASM4028438v1,Xanthomonas cissicola,malvacearum,2,0,0,2,2
GCA_040285035.1_Xcm_TX4-attenuated_assembly,Xanthomonas cissicola,malvacearum,2,0,0,2,2
GCA_040285045.1_ASM4028504v1,Xanthomonas cissicola,malvacearum,1,0,0,2,2
GCA_040285055.1_ASM4028505v1,Xanthomonas cissicola,malvacearum,2,0,0,2,2
GCA_041475625.1_NCPPB3086v1_ONT,Xanthomonas cissicola,malvacearum,1,0,1,1,2
GCA_041475655.1_NCPPB2063v1_ONT,Xanthomonas cissicola,,1,1,0,2,2
GCA_000007385.1_ASM738v1,Xanthomonas oryzae,oryzae - Asian-like strains,0,0,0,0,0
GCA_000010025.1_ASM1002v1,Xanthomonas oryzae,oryzae - Asian-like strains,0,0,0,0,0
GCA_000019585.2_ASM1958v2,Xanthomonas oryzae,oryzae - Asian-like strains,0,0,0,0,0
GCA_000168315.3_ASM16831v3,Xanthomonas oryzae,oryzicola,0,0,0,0,0
GCA_000212755.3_ASM21275v3,Xanthomonas oryzae,,1,0,0,0,0
GCA_000940825.1_ASM94082v1,Xanthomonas oryzae,oryzicola,0,0,0,0,0
GCA_000948075.1_ASM94807v1,Xanthomonas oryzae,oryzae - Asian-like strains,0,0,0,0,0
GCA_001021915.1_ASM102191v1,Xanthomonas oryzae,oryzicola,0,0,0,0,0
GCA_001042735.1_ASM104273v1,Xanthomonas oryzae,oryzicola,0,0,1,0,1
GCA_001042745.1_ASM104274v1,Xanthomonas oryzae,oryzicola,0,0,0,0,0
GCA_001042775.1_ASM104277v1,Xanthomonas oryzae,oryzicola,0,0,0,0,0
GCA_001042795.1_ASM104279v1,Xanthomonas oryzae,oryzicola,1,0,0,0,0
GCA_001042815.1_ASM104281v1,Xanthomonas oryzae,oryzicola,0,0,0,0,0
GCA_001042835.1_ASM104283v1,Xanthomonas oryzae,oryzicola,0,0,0,0,0
GCA_001042855.1_ASM104285v1,Xanthomonas oryzae,oryzicola,0,0,0,0,0
GCA_001042875.1_ASM104287v1,Xanthomonas oryzae,oryzicola,0,0,0,0,0
GCA_001276975.2_ASM127697v2,Xanthomonas oryzae,leersiae,1,0,0,0,0
GCA_001466505.1_ASM146650v1,Xanthomonas oryzae,oryzae - African-like strains,0,0,0,0,0
GCA_001518895.1_ASM151889v1,Xanthomonas oryzae,oryzae - Asian-like strains,0,0,0,0,0
GCA_001746595.1_ASM174659v1,Xanthomonas oryzae,oryzae - Asian-like strains,0,0,0,0,0
GCA_001746615.1_ASM174661v1,Xanthomonas oryzae,oryzae - Asian-like strains,0,0,0,0,0
GCA_001746635.1_ASM174663v1,Xanthomonas oryzae,oryzae - Asian-like strains,0,0,0,0,0
GCA_001746655.1_ASM174665v1,Xanthomonas oryzae,oryzae - Asian-like strains,0,0,0,0,0
GCA_001746675.1_ASM174667v1,Xanthomonas oryzae,oryzae - Asian-like strains,0,0,0,0,0
GCA_001746695.1_ASM174669v1,Xanthomonas oryzae,oryzae - Asian-like strains,0,0,0,0,0
GCA_001746715.1_ASM174671v1,Xanthomonas oryzae,oryzae - Asian-like strains,0,0,0,0,0
GCA_001746735.1_ASM174673v1,Xanthomonas oryzae,oryzae - Asian-like strains,1,0,0,0,0
GCA_001927405.2_ASM192740v2,Xanthomonas oryzae,oryzae - Asian-like strains,0,0,2,0,2
GCA_001927545.2_ASM192754v2,Xanthomonas oryzae,oryzae - Asian-like strains,0,0,1,0,1
GCA_001927725.2_ASM192772v2,Xanthomonas oryzae,oryzae - Asian-like strains,0,0,1,0,1
GCA_001927795.2_ASM192779v2,Xanthomonas oryzae,oryzae - Asian-like strains,0,0,0,0,0
GCA_001927855.2_ASM192785v2,Xanthomonas oryzae,oryzae - Asian-like strains,0,0,0,0,0
GCA_001928005.2_ASM192800v2,Xanthomonas oryzae,oryzae - Asian-like strains,0,0,1,0,1
GCA_001928035.2_ASM192803v2,Xanthomonas oryzae,oryzae - Asian-like strains,0,0,0,0,0
GCA_001928095.2_ASM192809v2,Xanthomonas oryzae,oryzae - Asian-like strains,0,0,0,1,1
GCA_001928165.2_ASM192816v2,Xanthomonas oryzae,oryzae - Asian-like strains,0,0,0,0,0
GCA_001928175.2_ASM192817v2,Xanthomonas oryzae,oryzae - Asian-like strains,0,0,0,0,0
GCA_001928215.2_ASM192821v2,Xanthomonas oryzae,oryzae - Asian-like strains,0,0,0,0,0
GCA_001928355.2_ASM192835v2,Xanthomonas oryzae,oryzae - Asian-like strains,0,0,1,0,1
GCA_001928485.2_ASM192848v2,Xanthomonas oryzae,oryzae - Asian-like strains,0,0,2,0,2
GCA_001928525.2_ASM192852v2,Xanthomonas oryzae,oryzae - Asian-like strains,0,0,0,0,0
GCA_001928585.2_ASM192858v2,Xanthomonas oryzae,oryzae - Asian-like strains,0,0,2,0,2
GCA_001928695.2_ASM192869v2,Xanthomonas oryzae,oryzae - Asian-like strains,0,0,0,0,0
GCA_001928825.2_ASM192882v2,Xanthomonas oryzae,oryzae - Asian-like strains,0,0,0,0,0
GCA_001928835.2_ASM192883v2,Xanthomonas oryzae,oryzae - Asian-like strains,0,0,0,0,0
GCA_001928905.2_ASM192890v2,Xanthomonas oryzae,oryzae - Asian-like strains,0,0,0,0,0
GCA_001928985.2_ASM192898v2,Xanthomonas oryzae,oryzae - Asian-like strains,0,0,0,0,0
GCA_001928995.2_ASM192899v2,Xanthomonas oryzae,oryzae - Asian-like strains,0,0,0,0,0
GCA_001929005.2_ASM192900v2,Xanthomonas oryzae,oryzae - Asian-like strains,0,0,0,0,0
GCA_001929015.2_ASM192901v2,Xanthomonas oryzae,oryzae - Asian-like strains,0,0,0,0,0
GCA_001929065.2_ASM192906v2,Xanthomonas oryzae,oryzae - Asian-like strains,0,0,0,0,0
GCA_001929075.2_ASM192907v2,Xanthomonas oryzae,oryzae - Asian-like strains,0,0,0,0,0
GCA_001929085.2_ASM192908v2,Xanthomonas oryzae,oryzae - Asian-like strains,0,0,0,0,0
GCA_001929095.2_ASM192909v2,Xanthomonas oryzae,oryzae - Asian-like strains,0,0,0,0,0
GCA_001929155.2_ASM192915v2,Xanthomonas oryzae,oryzae - Asian-like strains,0,0,0,0,0
GCA_001929165.2_ASM192916v2,Xanthomonas oryzae,oryzae - Asian-like strains,0,0,1,0,1
GCA_001929235.2_ASM192923v2,Xanthomonas oryzae,oryzae - Asian-like strains,0,0,0,0,0
GCA_001929245.2_ASM192924v2,Xanthomonas oryzae,oryzae - Asian-like strains,0,0,0,0,0
GCA_002023005.1_ASM202300v1,Xanthomonas oryzae,oryzae - Asian-like strains,0,0,0,0,0
GCA_002850075.1_ASM285007v1,Xanthomonas oryzae,oryzae - African-like strains,0,0,0,0,0
GCA_002850095.1_ASM285009v1,Xanthomonas oryzae,oryzae - African-like strains,0,0,0,0,0
GCA_002850115.1_ASM285011v1,Xanthomonas oryzae,oryzae - African-like strains,0,0,0,0,0
GCA_002850135.1_ASM285013v1,Xanthomonas oryzae,oryzae - African-like strains,0,0,0,0,0
GCA_002850155.1_ASM285015v1,Xanthomonas oryzae,oryzae - African-like strains,0,0,0,0,0
GCA_002850175.1_ASM285017v1,Xanthomonas oryzae,oryzae - African-like strains,0,0,0,0,0
GCA_002850195.1_ASM285019v1,Xanthomonas oryzae,oryzae - African-like strains,0,0,0,0,0
GCA_002850215.1_ASM285021v1,Xanthomonas oryzae,oryzae - African-like strains,0,0,0,0,0
GCA_002895725.2_ASM289572v2,Xanthomonas oryzae,oryzae - Asian-like strains,0,0,0,0,0
GCA_003031365.1_ASM303136v1,Xanthomonas oryzae,oryzae - African-like strains,0,0,0,0,0
GCA_003031385.1_ASM303138v1,Xanthomonas oryzae,oryzae - African-like strains,0,0,0,0,0
GCA_003122405.1_ASM312240v1,Xanthomonas oryzae,oryzae - Asian-like strains,0,0,0,0,0
GCA_003351825.1_ASM335182v1,Xanthomonas oryzae,oryzae - Asian-like strains,0,0,0,0,0
GCA_003351845.1_ASM335184v1,Xanthomonas oryzae,oryzae - Asian-like strains,0,0,0,0,0
GCA_003382775.1_ASM338277v1,Xanthomonas oryzae,oryzae - Asian-like strains,0,0,0,0,0
GCA_003382795.1_ASM338279v1,Xanthomonas oryzae,oryzae - Asian-like strains,0,0,0,0,0
GCA_003382815.1_ASM338281v1,Xanthomonas oryzae,oryzae - Asian-like strains,0,0,0,0,0
GCA_003382835.1_ASM338283v1,Xanthomonas oryzae,oryzae - Asian-like strains,0,0,0,0,0
GCA_003382855.1_ASM338285v1,Xanthomonas oryzae,oryzae - Asian-like strains,0,0,0,0,0
GCA_003382875.1_ASM338287v1,Xanthomonas oryzae,oryzae - Asian-like strains,0,0,0,0,0
GCA_003382895.1_ASM338289v1,Xanthomonas oryzae,oryzae - Asian-like strains,0,0,0,0,0
GCA_003382915.1_ASM338291v1,Xanthomonas oryzae,oryzae - Asian-like strains,0,0,0,0,0
GCA_003382935.1_ASM338293v1,Xanthomonas oryzae,oryzae - Asian-like strains,0,0,0,0,0
GCA_003427055.1_ASM342705v1,Xanthomonas oryzae,oryzae - Asian-like strains,0,0,0,1,1
GCA_003428965.1_ASM342896v1,Xanthomonas oryzae,oryzae - Asian-like strains,0,0,0,0,0
GCA_003522605.1_ASM352260v1,Xanthomonas oryzae,oryzae - Asian-like strains,0,0,0,0,0
GCA_003932055.1_ASM393205v1,Xanthomonas oryzae,oryzae - Asian-like strains,0,0,0,0,0
GCA_003932075.1_ASM393207v1,Xanthomonas oryzae,oryzae - Asian-like strains,0,0,0,0,0
GCA_004136375.1_ASM413637v1,Xanthomonas oryzae,oryzae - Asian-like strains,0,0,0,0,0
GCA_004136395.1_ASM413639v1,Xanthomonas oryzae,oryzae - Asian-like strains,0,0,0,0,0
GCA_004319445.1_ASM431944v1,Xanthomonas oryzae,leersiae,0,0,0,0,0
GCA_004319465.1_ASM431946v1,Xanthomonas oryzae,leersiae,0,0,0,0,0
GCA_004319485.1_ASM431948v1,Xanthomonas oryzae,leersiae,0,0,0,0,0
GCA_004319505.1_ASM431950v1,Xanthomonas oryzae,leersiae,0,0,0,0,0
GCA_004322815.1_ASM432281v1,Xanthomonas oryzae,oryzae - African-like strains,0,0,0,0,0
GCA_004322835.1_ASM432283v1,Xanthomonas oryzae,oryzae - African-like strains,0,0,0,0,0
GCA_004355285.1_ASM435528v1,Xanthomonas oryzae,oryzae - African-like strains,0,0,0,0,0
GCA_004355305.1_ASM435530v1,Xanthomonas oryzae,oryzae - African-like strains,0,0,0,0,0
GCA_004355325.1_ASM435532v1,Xanthomonas oryzae,oryzae - African-like strains,0,0,0,0,0
GCA_004355345.1_ASM435534v1,Xanthomonas oryzae,oryzae - African-like strains,0,0,0,0,0
GCA_004355365.1_ASM435536v1,Xanthomonas oryzae,oryzae - African-like strains,0,0,0,0,0
GCA_004355385.1_ASM435538v1,Xanthomonas oryzae,oryzae - African-like strains,0,0,0,0,0
GCA_004355405.1_ASM435540v1,Xanthomonas oryzae,oryzae - African-like strains,0,0,0,0,0
GCA_004355425.1_ASM435542v1,Xanthomonas oryzae,oryzae - African-like strains,0,0,0,0,0
GCA_004355445.1_ASM435544v1,Xanthomonas oryzae,oryzae - African-like strains,0,0,0,0,0
GCA_004355465.1_ASM435546v1,Xanthomonas oryzae,oryzae - African-like strains,0,0,0,0,0
GCA_004355485.1_ASM435548v1,Xanthomonas oryzae,oryzae - African-like strains,0,0,0,0,0
GCA_004355505.1_ASM435550v1,Xanthomonas oryzae,oryzae - African-like strains,0,0,0,0,0
GCA_004355525.1_ASM435552v1,Xanthomonas oryzae,oryzae - African-like strains,0,0,0,0,0
GCA_004355545.1_ASM435554v1,Xanthomonas oryzae,oryzae - African-like strains,0,0,0,0,0
GCA_004355565.1_ASM435556v1,Xanthomonas oryzae,oryzae - African-like strains,0,0,0,0,0
GCA_004355585.1_ASM435558v1,Xanthomonas oryzae,oryzae - African-like strains,0,0,0,0,0
GCA_004355605.1_ASM435560v1,Xanthomonas oryzae,oryzae - African-like strains,0,0,0,0,0
GCA_004355705.1_ASM435570v1,Xanthomonas oryzae,oryzae - Asian-like strains,0,0,0,0,0
GCA_004355725.1_ASM435572v1,Xanthomonas oryzae,oryzae - Asian-like strains,0,0,0,0,0
GCA_004355745.1_ASM435574v1,Xanthomonas oryzae,oryzae - Asian-like strains,0,0,0,0,0
GCA_004355765.2_ASM435576v2,Xanthomonas oryzae,oryzae - Asian-like strains,0,0,0,0,0
GCA_004355785.1_ASM435578v1,Xanthomonas oryzae,oryzae - Asian-like strains,0,0,0,0,0
GCA_004355805.1_ASM435580v1,Xanthomonas oryzae,oryzae - Asian-like strains,0,0,0,0,0
GCA_004355825.1_ASM435582v1,Xanthomonas oryzae,oryzae - Asian-like strains,0,0,0,0,0
GCA_004355845.1_ASM435584v1,Xanthomonas oryzae,oryzae - Asian-like strains,0,0,0,0,0
GCA_004355865.1_ASM435586v1,Xanthomonas oryzae,oryzae - Asian-like strains,0,0,1,0,1
GCA_004355885.3_ASM435588v3,Xanthomonas oryzae,oryzae - Asian-like strains,0,0,0,0,0
GCA_008370835.2_ASM837083v2,Xanthomonas oryzae,oryzicola,1,0,1,0,1
GCA_009660205.1_ASM966020v1,Xanthomonas oryzae,oryzicola,1,0,0,0,0
GCA_009664105.1_ASM966410v1,Xanthomonas oryzae,oryzae - Asian-like strains,0,0,0,0,0
GCA_009707765.1_ASM970776v1,Xanthomonas oryzae,oryzae - Asian-like strains,0,0,0,0,0
GCA_011045315.1_ASM1104531v1,Xanthomonas oryzae,oryzae - Asian-like strains,0,0,0,0,0
GCA_011604745.1_ASM1160474v1,Xanthomonas oryzae,oryzae - Asian-like strains,0,0,0,0,0
GCA_011604765.1_ASM1160476v1,Xanthomonas oryzae,oryzae - Asian-like strains,0,0,0,0,0
GCA_011604785.1_ASM1160478v1,Xanthomonas oryzae,oryzae - Asian-like strains,0,0,0,0,0
GCA_016864875.1_ASM1686487v1,Xanthomonas oryzae,oryzae - Asian-like strains,0,0,0,0,0
GCA_017577225.1_ASM1757722v1,Xanthomonas oryzae,oryzae - Asian-like strains,0,0,0,0,0
GCA_018288775.1_ASM1828877v1,Xanthomonas oryzae,oryzae - Asian-like strains,0,0,0,0,0
GCA_018310515.1_ASM1831051v1,Xanthomonas oryzae,oryzae - Asian-like strains,0,0,1,0,1
GCA_019915985.1_ASM1991598v1,Xanthomonas oryzae,oryzae - Asian-like strains,0,0,0,0,0
GCA_020084945.1_ASM2008494v1,Xanthomonas oryzae,oryzicola,1,0,1,0,1
GCA_020790135.1_ASM2079013v1,Xanthomonas oryzae,oryzae - Asian-like strains,0,0,0,0,0
GCA_020866785.1_ASM2086678v1,Xanthomonas oryzae,oryzae - Asian-like strains,0,0,0,0,0
GCA_020866865.1_ASM2086686v1,Xanthomonas oryzae,oryzae - Asian-like strains,0,0,0,0,0
GCA_021228635.1_ASM2122863v1,Xanthomonas oryzae,oryzae - Asian-like strains,0,0,0,0,0
GCA_021729945.1_ASM2172994v1,Xanthomonas oryzae,oryzicola,0,0,0,0,0
GCA_022406815.1_ASM2240681v1,Xanthomonas oryzae,oryzicola,1,0,0,0,0
GCA_022409615.1_ASM2240961v1,Xanthomonas oryzae,oryzae - Asian-like strains,0,0,0,0,0
GCA_022559705.1_ASM2255970v1,Xanthomonas oryzae,leersiae,1,0,0,0,0
GCA_022751255.1_ASM2275125v1,Xanthomonas oryzae,oryzicola,1,0,0,0,0
GCA_023586865.1_ASM2358686v1,Xanthomonas oryzae,oryzae - Asian-like strains,0,0,0,0,0
GCA_023650685.1_ASM2365068v1,Xanthomonas oryzae,oryzae - Asian-like strains,0,0,0,0,0
GCA_024499285.1_ASM2449928v1,Xanthomonas oryzae,oryzae - Asian-like strains,0,0,0,1,1
GCA_024981335.1_ASM2498133v1,Xanthomonas oryzae,oryzae - African-like strains,0,0,1,0,1
GCA_025264145.1_ASM2526414v1,Xanthomonas oryzae,oryzae - Asian-like strains,0,0,0,0,0
GCA_027257035.1_ASM2725703v1,Xanthomonas oryzae,oryzae - Asian-like strains,0,0,0,0,0
GCA_028752255.1_ASM2875225v1,Xanthomonas oryzae,oryzae - Asian-like strains,0,0,0,0,0
GCA_028752275.1_ASM2875227v1,Xanthomonas oryzae,oryzae - Asian-like strains,0,0,0,0,0
GCA_028752295.1_ASM2875229v1,Xanthomonas oryzae,oryzae - Asian-like strains,0,0,0,0,0
GCA_028752315.1_ASM2875231v1,Xanthomonas oryzae,oryzae - Asian-like strains,0,0,0,0,0
GCA_028752335.1_ASM2875233v1,Xanthomonas oryzae,oryzae - Asian-like strains,0,0,0,0,0
GCA_028752355.1_ASM2875235v1,Xanthomonas oryzae,oryzae - Asian-like strains,0,0,1,0,1
GCA_028752375.1_ASM2875237v1,Xanthomonas oryzae,oryzae - Asian-like strains,0,0,0,0,0
GCA_028752395.1_ASM2875239v1,Xanthomonas oryzae,oryzae - Asian-like strains,0,0,2,0,2
GCA_028752415.1_ASM2875241v1,Xanthomonas oryzae,oryzae - Asian-like strains,0,0,0,0,0
GCA_028752435.1_ASM2875243v1,Xanthomonas oryzae,oryzae - Asian-like strains,0,0,0,0,0
GCA_028752455.1_ASM2875245v1,Xanthomonas oryzae,oryzae - Asian-like strains,0,0,0,0,0
GCA_028752475.1_ASM2875247v1,Xanthomonas oryzae,oryzae - Asian-like strains,0,0,0,0,0
GCA_028752495.1_ASM2875249v1,Xanthomonas oryzae,oryzae - Asian-like strains,0,0,0,0,0
GCA_028752515.1_ASM2875251v1,Xanthomonas oryzae,oryzae - Asian-like strains,0,0,0,0,0
GCA_028752535.1_ASM2875253v1,Xanthomonas oryzae,oryzae - Asian-like strains,0,0,0,0,0
GCA_029026945.1_ASM2902694v1,Xanthomonas oryzae,oryzae - Asian-like strains,0,0,0,0,0
GCA_029026965.1_ASM2902696v1,Xanthomonas oryzae,oryzae - Asian-like strains,0,0,0,0,0
GCA_029026985.1_ASM2902698v1,Xanthomonas oryzae,oryzae - Asian-like strains,0,0,0,0,0
GCA_029027105.1_ASM2902710v1,Xanthomonas oryzae,oryzae - Asian-like strains,0,0,0,0,0
GCA_029204245.1_ASM2920424v1,Xanthomonas oryzae,oryzae - Asian-like strains,0,0,0,0,0
GCA_029204265.1_ASM2920426v1,Xanthomonas oryzae,oryzae - Asian-like strains,0,0,0,0,0
GCA_029204285.1_ASM2920428v1,Xanthomonas oryzae,oryzae - Asian-like strains,0,0,0,0,0
GCA_029542325.1_ASM2954232v1,Xanthomonas oryzae,oryzae - Asian-like strains,0,0,1,0,1
GCA_029962345.1_ASM2996234v1,Xanthomonas oryzae,oryzicola,1,0,0,0,0
GCA_030177815.1_ASM3017781v1,Xanthomonas oryzae,oryzicola,1,0,0,0,0
GCA_030284465.1_ASM3028446v1,Xanthomonas oryzae,leersiae,3,0,0,0,0
GCA_036352055.1_ASM3635205v1,Xanthomonas oryzae,oryzicola,0,0,0,0,0
GCA_037846825.1_ASM3784682v1,Xanthomonas oryzae,oryzae - Asian-like strains,0,0,0,0,0
GCA_038380135.1_ASM3838013v1,Xanthomonas oryzae,oryzicola,1,0,0,0,0
GCA_039555255.1_PkXoo2_homopolish,Xanthomonas oryzae,oryzae - Asian-like strains,0,0,0,0,0
GCA_040202085.2_NCPPB5234_v2_ONT,Xanthomonas oryzae,oryzicola,0,0,1,0,1
GCA_040202795.2_ASM4020279v2,Xanthomonas oryzae,oryzae - Asian-like strains,0,0,0,0,0
GCA_040500315.1_ASM4050031v1,Xanthomonas oryzae,oryzicola,0,0,0,0,0
GCA_040804865.1_ASM4080486v1,Xanthomonas oryzae,oryzicola,1,0,0,0,0
GCA_040834045.1_ASM4083404v1,Xanthomonas oryzae,oryzicola,1,0,1,0,1
GCA_040834055.1_ASM4083405v1,Xanthomonas oryzae,oryzicola,0,0,1,0,1